fall_plant_ID,fall_pot_num,fall_treatment,notes,spring_plant_ID,spring_pot_num,spring_treatment,overall_group
Mon_FC_P1,1,Control,,Mon_SC_1,1,Control,Control-Control
Mon_FC_P2,2,Control,,Mon_SC_2,2,Control,Control-Control
Mon_FC_P3,3,Control,,Mon_SC_3,3,Control,Control-Control
Mon_FC_P4,4,Control,,Mon_SH_30,30,Heatwave,Control-Heatwave
Mon_FC_P5,5,Control,,Mon_SC_4,4,Control,Control-Control
Mon_FC_P6,6,Control,,Mon_SH_31,31,Heatwave,Control-Heatwave
Mon_FC_P7,7,Control,,Mon_SH_32,32,Heatwave,Control-Heatwave
Mon_FC_P8,8,Control,,Mon_SH_33,33,Heatwave,Control-Heatwave
Mon_FC_P9,9,Control,,Mon_SH_34,34,Heatwave,Control-Heatwave
Mon_FC_P10,10,Control,,Mon_SH_35,35,Heatwave,Control-Heatwave
Mon_FC_P11,11,Control,,Mon_SH_36,36,Heatwave,Control-Heatwave
Mon_FC_P12,12,Control,,Mon_SH_37,37,Heatwave,Control-Heatwave
Mon_FC_P13,13,Control,,Mon_SC_5,5,Control,Control-Control
Mon_FC_P14,14,Control,,Mon_SH_38,38,Heatwave,Control-Heatwave
Mon_FC_P15,15,Control,,Mon_SC_6,6,Control,Control-Control
Mon_FC_P16,16,Control,,Mon_SH_39,39,Heatwave,Control-Heatwave
Mon_FC_P17,17,Control,,Mon_SH_40,40,Heatwave,Control-Heatwave
Mon_FC_P18,18,Control,,Mon_SC_7,7,Control,Control-Control
Mon_FC_P19,19,Control,,Mon_SH_41,41,Heatwave,Control-Heatwave
Mon_FC_P20,20,Control,,Mon_SC_8,8,Control,Control-Control
Mon_FC_P21,21,Control,,Mon_SH_42,42,Heatwave,Control-Heatwave
Mon_FC_P22,22,Control,,Mon_SH_43,43,Heatwave,Control-Heatwave
Mon_FC_P23,23,Control,,Mon_SH_44,44,Heatwave,Control-Heatwave
Mon_FC_P24,24,Control,,Mon_SC_9,9,Control,Control-Control
Mon_FC_P25,25,Control,,Mon_SH_45,45,Heatwave,Control-Heatwave
Mon_FC_P26,26,Control,,Mon_SC_10,10,Control,Control-Control
Mon_FC_P27,27,Control,,Mon_SH_46,46,Heatwave,Control-Heatwave
Mon_FC_P28,28,Control,,Mon_SH_47,47,Heatwave,Control-Heatwave
Mon_FC_P29,29,Control,,Mon_SH_48,48,Heatwave,Control-Heatwave
Mon_FC_P30,30,Control,,Mon_SC_11,11,Control,Control-Control
Mon_FH_P31,31,Heatwave,,Wed_SC_117,117,Control,Heatwave-Control
Mon_FH_P32,32,Heatwave,,Wed_SC_118,118,Control,Heatwave-Control
Mon_FH_P33,33,Heatwave,,Wed_SH_148,148,Heatwave,Heatwave-Heatwave
Mon_FH_P34,34,Heatwave,,Wed_SC_119,119,Control,Heatwave-Control
Mon_FH_P35,35,Heatwave,,Wed_SH_149,149,Heatwave,Heatwave-Heatwave
Mon_FH_P36,36,Heatwave,,Wed_SC_120,120,Control,Heatwave-Control
Mon_FH_P37,37,Heatwave,,Wed_SH_150,150,Heatwave,Heatwave-Heatwave
Mon_FH_P38,38,Heatwave,,Wed_SC_121,121,Control,Heatwave-Control
Mon_FH_P39,39,Heatwave,,Wed_SC_122,122,Control,Heatwave-Control
Mon_FH_P40,40,Heatwave,,Wed_SH_151,151,Heatwave,Heatwave-Heatwave
Mon_FH_P41,41,Heatwave,,Wed_SC_123,123,Control,Heatwave-Control
Mon_FH_P42,42,Heatwave,,Wed_SH_152,152,Heatwave,Heatwave-Heatwave
Mon_FH_P43,43,Heatwave,,Wed_SC_124,124,Control,Heatwave-Control
Mon_FH_P44,44,Heatwave,,Wed_SH_153,153,Heatwave,Heatwave-Heatwave
Mon_FH_P45,45,Heatwave,,Wed_SH_154,154,Heatwave,Heatwave-Heatwave
Mon_FH_P46,46,Heatwave,,Wed_SH_155,155,Heatwave,Heatwave-Heatwave
Mon_FH_P47,47,Heatwave,,Wed_SC_125,125,Control,Heatwave-Control
Mon_FH_P48,48,Heatwave,,Wed_SC_126,126,Control,Heatwave-Control
Mon_FH_P49,49,Heatwave,,Wed_SH_156,156,Heatwave,Heatwave-Heatwave
Mon_FH_P50,50,Heatwave,,Wed_SC_127,127,Control,Heatwave-Control
Mon_FH_P51,51,Heatwave,,Wed_SH_157,157,Heatwave,Heatwave-Heatwave
Mon_FH_P52,52,Heatwave,,Wed_SC_128,128,Control,Heatwave-Control
Mon_FH_P53,53,Heatwave,,Wed_SH_158,158,Heatwave,Heatwave-Heatwave
Mon_FH_P54,54,Heatwave,,Wed_SC_129,129,Control,Heatwave-Control
Mon_FH_P55,55,Heatwave,,Wed_SC_130,130,Control,Heatwave-Control
Mon_FH_P56,56,Heatwave,,Wed_SH_159,159,Heatwave,Heatwave-Heatwave
Mon_FH_P57,57,Heatwave,,Wed_SC_131,131,Control,Heatwave-Control
Mon_FH_P58,58,Heatwave,,Wed_SC_132,132,Control,Heatwave-Control
Mon_FH_P59,59,Heatwave,,Wed_SH_160,160,Heatwave,Heatwave-Heatwave
Mon_FH_P60,60,Heatwave,,Wed_SC_133,133,Control,Heatwave-Control
Tues_FC_P61,61,Control,,Mon_SH_49,49,Heatwave,Control-Heatwave
Tues_FC_P62,62,Control,,Mon_SC_12,12,Control,Control-Control
Tues_FC_P63,63,Control,,Mon_SC_13,13,Control,Control-Control
Tues_FC_P64,64,Control,,Mon_SC_14,14,Control,Control-Control
Tues_FC_P65,65,Control,,Mon_SH_50,50,Heatwave,Control-Heatwave
Tues_FC_P66,66,Control,,Mon_SH_51,51,Heatwave,Control-Heatwave
Tues_FC_P67,67,Control,,Mon_SC_15,15,Control,Control-Control
Tues_FC_P68,68,Control,,Mon_SH_52,52,Heatwave,Control-Heatwave
Tues_FC_P69,69,Control,,Mon_SC_16,16,Control,Control-Control
Tues_FC_P70,70,Control,,Mon_SH_53,53,Heatwave,Control-Heatwave
Tues_FC_P71,71,Control,,Mon_SC_17,17,Control,Control-Control
Tues_FC_P72,72,Control,,Mon_SC_18,18,Control,Control-Control
Tues_FC_P73,73,Control,,Mon_SH_54,54,Heatwave,Control-Heatwave
Tues_FC_P74,74,Control,,Mon_SC_19,19,Control,Control-Control
Tues_FC_P75,75,Control,,Mon_SH_55,55,Heatwave,Control-Heatwave
Tues_FC_P76,76,Control,,Mon_SH_56,56,Heatwave,Control-Heatwave
Tues_FC_P77,77,Control,,Mon_SC_20,20,Control,Control-Control
Tues_FC_P78,78,Control,,Mon_SC_21,21,Control,Control-Control
Tues_FC_P79,79,Control,,Mon_SC_22,22,Control,Control-Control
Tues_FC_P80,80,Control,,Mon_SH_57,57,Heatwave,Control-Heatwave
Tues_FC_P81,81,Control,,Mon_SC_23,23,Control,Control-Control
Tues_FC_P82,82,Control,,Mon_SC_24,24,Control,Control-Control
Tues_FC_P83,83,Control,,Mon_SH_58,58,Heatwave,Control-Heatwave
Tues_FC_P84,84,Control,,Tues_SH_88,88,Heatwave,Control-Heatwave
Tues_FC_P85,85,Control,,Mon_SC_25,25,Control,Control-Control
Tues_FC_P86,86,Control,,Mon_SC_26,26,Control,Control-Control
Tues_FC_P87,87,Control,,Tues_SH_89,89,Heatwave,Control-Heatwave
Tues_FC_P88,88,Control,,Mon_SC_27,27,Control,Control-Control
Tues_FC_P89,89,Control,,Mon_SC_28,28,Control,Control-Control
Tues_FC_P90,90,Control,,Mon_SC_29,29,Control,Control-Control
Tues_FH_P91,91,Heatwave,,Wed_SH_161,161,Heatwave,Heatwave-Heatwave
Tues_FH_P92,92,Heatwave,,Wed_SH_162,162,Heatwave,Heatwave-Heatwave
Tues_FH_P93,93,Heatwave,,Wed_SC_134,134,Control,Heatwave-Control
Tues_FH_P94,94,Heatwave,,Wed_SH_163,163,Heatwave,Heatwave-Heatwave
Tues_FH_P95,95,Heatwave,,Wed_SC_135,135,Control,Heatwave-Control
Tues_FH_P96,96,Heatwave,,Wed_SH_164,164,Heatwave,Heatwave-Heatwave
Tues_FH_P97,97,Heatwave,,Wed_SC_136,136,Control,Heatwave-Control
Tues_FH_P98,98,Heatwave,,Wed_SC_137,137,Control,Heatwave-Control
Tues_FH_P99,99,Heatwave,,Wed_SH_165,165,Heatwave,Heatwave-Heatwave
Tues_FH_P100,100,Heatwave,,Wed_SH_166,166,Heatwave,Heatwave-Heatwave
Tues_FH_P101,101,Heatwave,,Wed_SC_138,138,Control,Heatwave-Control
Tues_FH_P102,102,Heatwave,,Wed_SC_139,139,Control,Heatwave-Control
Tues_FH_P103,103,Heatwave,,Wed_SH_167,167,Heatwave,Heatwave-Heatwave
Tues_FH_P104,104,Heatwave,,Wed_SH_168,168,Heatwave,Heatwave-Heatwave
Tues_FH_P105,105,Heatwave,,Wed_SH_169,169,Heatwave,Heatwave-Heatwave
Tues_FH_P106,106,Heatwave,,Wed_SH_170,170,Heatwave,Heatwave-Heatwave
Tues_FH_P107,107,Heatwave,,Wed_SH_171,171,Heatwave,Heatwave-Heatwave
Tues_FH_P108,108,Heatwave,,Wed_SC_140,140,Control,Heatwave-Control
Tues_FH_P109,109,Heatwave,,Wed_SC_141,141,Control,Heatwave-Control
Tues_FH_P110,110,Heatwave,,Wed_SH_172,172,Heatwave,Heatwave-Heatwave
Tues_FH_P111,111,Heatwave,,Wed_SH_173,173,Heatwave,Heatwave-Heatwave
Tues_FH_P112,112,Heatwave,,Wed_SC_142,142,Control,Heatwave-Control
Tues_FH_P113,113,Heatwave,,Wed_SH_174,174,Heatwave,Heatwave-Heatwave
Tues_FH_P114,114,Heatwave,,Wed_SH_175,175,Heatwave,Heatwave-Heatwave
Tues_FH_P115,115,Heatwave,,Wed_SH_176,176,Heatwave,Heatwave-Heatwave
Tues_FH_P116,116,Heatwave,,Wed_SC_143,143,Control,Heatwave-Control
Tues_FH_P117,117,Heatwave,,Wed_SC_144,144,Control,Heatwave-Control
Tues_FH_P118,118,Heatwave,,Wed_SH_177,177,Heatwave,Heatwave-Heatwave
Tues_FH_P119,119,Heatwave,,Wed_SC_145,145,Control,Heatwave-Control
Tues_FH_P120,120,Heatwave,,Thurs_SH_208,208,Heatwave,Heatwave-Heatwave
Wed_FC_P121,121,Control,,Tues_SC_59,59,Control,Control-Control
Wed_FC_P122,122,Control,,Tues_SC_60,60,Control,Control-Control
Wed_FC_P123,123,Control,,Tues_SH_90,90,Heatwave,Control-Heatwave
Wed_FC_P124,124,Control,,Tues_SH_91,91,Heatwave,Control-Heatwave
Wed_FC_P125,125,Control,,Tues_SC_61,61,Control,Control-Control
Wed_FC_P126,126,Control,,Tues_SH_92,92,Heatwave,Control-Heatwave
Wed_FC_P127,127,Control,,Tues_SH_93,93,Heatwave,Control-Heatwave
Wed_FC_P128,128,Control,,Tues_SC_62,62,Control,Control-Control
Wed_FC_P129,129,Control,,Tues_SH_94,94,Heatwave,Control-Heatwave
Wed_FC_P130,130,Control,,Tues_SC_63,63,Control,Control-Control
Wed_FC_P131,131,Control,,Tues_SH_95,95,Heatwave,Control-Heatwave
Wed_FC_P132,132,Control,,Tues_SC_64,64,Control,Control-Control
Wed_FC_P133,133,Control,,Tues_SH_96,96,Heatwave,Control-Heatwave
Wed_FC_P134,134,Control,,Tues_SH_97,97,Heatwave,Control-Heatwave
Wed_FC_P135,135,Control,,Tues_SC_65,65,Control,Control-Control
Wed_FC_P136,136,Control,,Tues_SC_66,66,Control,Control-Control
Wed_FC_P137,137,Control,,Tues_SH_98,98,Heatwave,Control-Heatwave
Wed_FC_P138,138,Control,,Tues_SC_67,67,Control,Control-Control
Wed_FC_P139,139,Control,,Tues_SC_68,68,Control,Control-Control
Wed_FC_P140,140,Control,,Tues_SC_69,69,Control,Control-Control
Wed_FC_P141,141,Control,,Tues_SH_99,99,Heatwave,Control-Heatwave
Wed_FC_P142,142,Control,,Tues_SC_70,70,Control,Control-Control
Wed_FC_P143,143,Control,,Tues_SH_100,100,Heatwave,Control-Heatwave
Wed_FC_P144,144,Control,,Tues_SC_71,71,Control,Control-Control
Wed_FC_P145,145,Control,,Tues_SH_101,101,Heatwave,Control-Heatwave
Wed_FC_P146,146,Control,,Tues_SC_72,72,Control,Control-Control
Wed_FC_P147,147,Control,,Tues_SH_102,102,Heatwave,Control-Heatwave
Wed_FC_P148,148,Control,,Tues_SC_73,73,Control,Control-Control
Wed_FC_P149,149,Control,,Tues_SH_103,103,Heatwave,Control-Heatwave
Wed_FC_P150,150,Control,,Tues_SC_74,74,Control,Control-Control
Wed_FH_P151,151,Heatwave,,Thurs_SH_209,209,Heatwave,Heatwave-Heatwave
Wed_FH_P152,152,Heatwave,,Thurs_SH_210,210,Heatwave,Heatwave-Heatwave
Wed_FH_P153,153,Heatwave,,Wed_SC_146,146,Control,Heatwave-Control
Wed_FH_P154,154,Heatwave,,Wed_SC_147,147,Control,Heatwave-Control
Wed_FH_P155,155,Heatwave,,Thurs_SH_211,211,Heatwave,Heatwave-Heatwave
Wed_FH_P156,156,Heatwave,,Thurs_SC_178,178,Control,Heatwave-Control
Wed_FH_P157,157,Heatwave,,Thurs_SH_212,212,Heatwave,Heatwave-Heatwave
Wed_FH_P158,158,Heatwave,,Thurs_SC_179,179,Control,Heatwave-Control
Wed_FH_P159,159,Heatwave,,Thurs_SC_180,180,Control,Heatwave-Control
Wed_FH_P160,160,Heatwave,,Thurs_SH_213,213,Heatwave,Heatwave-Heatwave
Wed_FH_P161,161,Heatwave,,Thurs_SC_181,181,Control,Heatwave-Control
Wed_FH_P162,162,Heatwave,,Thurs_SH_214,214,Heatwave,Heatwave-Heatwave
Wed_FH_P163,163,Heatwave,,Thurs_SC_182,182,Control,Heatwave-Control
Wed_FH_P164,164,Heatwave,,Thurs_SH_215,215,Heatwave,Heatwave-Heatwave
Wed_FH_P165,165,Heatwave,,Thurs_SH_216,216,Heatwave,Heatwave-Heatwave
Wed_FH_P166,166,Heatwave,,Thurs_SC_183,183,Control,Heatwave-Control
Wed_FH_P167,167,Heatwave,,Thurs_SC_184,184,Control,Heatwave-Control
Wed_FH_P168,168,Heatwave,,Thurs_SH_217,217,Heatwave,Heatwave-Heatwave
Wed_FH_P169,169,Heatwave,,Thurs_SC_185,185,Control,Heatwave-Control
Wed_FH_P170,170,Heatwave,,Thurs_SC_186,186,Control,Heatwave-Control
Wed_FH_P171,171,Heatwave,,Thurs_SH_218,218,Heatwave,Heatwave-Heatwave
Wed_FH_P172,172,Heatwave,,Thurs_SC_187,187,Control,Heatwave-Control
Wed_FH_P173,173,Heatwave,,Thurs_SH_219,219,Heatwave,Heatwave-Heatwave
Wed_FH_P174,174,Heatwave,,Thurs_SC_188,188,Control,Heatwave-Control
Wed_FH_P175,175,Heatwave,,Thurs_SH_220,220,Heatwave,Heatwave-Heatwave
Wed_FH_P176,176,Heatwave,,Thurs_SC_189,189,Control,Heatwave-Control
Wed_FH_P177,177,Heatwave,,Thurs_SC_190,190,Control,Heatwave-Control
Wed_FH_P178,178,Heatwave,,Thurs_SH_221,221,Heatwave,Heatwave-Heatwave
Wed_FH_P179,179,Heatwave,,Thurs_SC_191,191,Control,Heatwave-Control
Wed_FH_P180,180,Heatwave,,Thurs_SC_192,192,Control,Heatwave-Control
Thurs_FC_P181,181,Control,,Tues_SH_104,104,Heatwave,Control-Heatwave
Thurs_FC_P182,182,Control,,Tues_SH_105,105,Heatwave,Control-Heatwave
Thurs_FC_P183,183,Control,,Tues_SH_106,106,Heatwave,Control-Heatwave
Thurs_FC_P184,184,Control,,Tues_SC_75,75,Control,Control-Control
Thurs_FC_P185,185,Control,removed b/c only had crabgrass/S.nutans,,,,
Thurs_FC_P186,186,Control,,Tues_SC_76,76,Control,Control-Control
Thurs_FC_P187,187,Control,,Tues_SC_77,77,Control,Control-Control
Thurs_FC_P188,188,Control,,Tues_SH_107,107,Heatwave,Control-Heatwave
Thurs_FC_P189,189,Control,,Tues_SC_78,78,Control,Control-Control
Thurs_FC_P190,190,Control,removed b/c only had crabgrass/S.nutans,,,,
Thurs_FC_P191,191,Control,,Tues_SH_108,108,Heatwave,Control-Heatwave
Thurs_FC_P192,192,Control,,Tues_SH_109,109,Heatwave,Control-Heatwave
Thurs_FC_P193,193,Control,removed b/c only had crabgrass/S.nutans,,,,
Thurs_FC_P194,194,Control,,Tues_SC_79,79,Control,Control-Control
Thurs_FC_P195,195,Control,,Tues_SH_110,110,Heatwave,Control-Heatwave
Thurs_FC_P196,196,Control,,Tues_SC_80,80,Control,Control-Control
Thurs_FC_P197,197,Control,,Tues_SH_111,111,Heatwave,Control-Heatwave
Thurs_FC_P198,198,Control,,Tues_SC_81,81,Control,Control-Control
Thurs_FC_P199,199,Control,,Tues_SH_112,112,Heatwave,Control-Heatwave
Thurs_FC_P200,200,Control,,Tues_SC_82,82,Control,Control-Control
Thurs_FC_P201,201,Control,,Tues_SH_113,113,Heatwave,Control-Heatwave
Thurs_FC_P202,202,Control,,Tues_SC_83,83,Control,Control-Control
Thurs_FC_P203,203,Control,,Tues_SH_114,114,Heatwave,Control-Heatwave
Thurs_FC_P204,204,Control,,Tues_SC_84,84,Control,Control-Control
Thurs_FC_P205,205,Control,,Tues_SC_85,85,Control,Control-Control
Thurs_FC_P206,206,Control,,Thurs_SH_222,222,Heatwave,Heatwave-Heatwave
Thurs_FC_P207,207,Control,,Tues_SC_86,86,Control,Control-Control
Thurs_FC_P208,208,Control,,Tues_SH_115,115,Heatwave,Control-Heatwave
Thurs_FC_P209,209,Control,,Tues_SC_87,87,Control,Control-Control
Thurs_FC_P210,210,Control,,Tues_SH_116,116,Heatwave,Control-Heatwave
Thurs_FH_P211,211,Heatwave,,Thurs_SH_223,223,Heatwave,Heatwave-Heatwave
Thurs_FH_P212,212,Heatwave,,Thurs_SC_193,193,Control,Heatwave-Control
Thurs_FH_P213,213,Heatwave,,Thurs_SC_194,194,Control,Heatwave-Control
Thurs_FH_P214,214,Heatwave,,Thurs_SH_224,224,Heatwave,Heatwave-Heatwave
Thurs_FH_P215,215,Heatwave,,Thurs_SH_225,225,Heatwave,Heatwave-Heatwave
Thurs_FH_P216,216,Heatwave,,Thurs_SC_195,195,Control,Heatwave-Control
Thurs_FH_P217,217,Heatwave,,Thurs_SH_226,226,Heatwave,Heatwave-Heatwave
Thurs_FH_P218,218,Heatwave,,Thurs_SC_196,196,Control,Heatwave-Control
Thurs_FH_P219,219,Heatwave,,Thurs_SC_197,197,Control,Heatwave-Control
Thurs_FH_P220,220,Heatwave,,Thurs_SC_198,198,Control,Heatwave-Control
Thurs_FH_P221,221,Heatwave,,Thurs_SH_227,227,Heatwave,Heatwave-Heatwave
Thurs_FH_P222,222,Heatwave,,Thurs_SH_228,228,Heatwave,Heatwave-Heatwave
Thurs_FH_P223,223,Heatwave,,Thurs_SH_229,229,Heatwave,Heatwave-Heatwave
Thurs_FH_P224,224,Heatwave,,Thurs_SC_199,199,Control,Heatwave-Control
Thurs_FH_P225,225,Heatwave,,Thurs_SH_230,230,Heatwave,Heatwave-Heatwave
Thurs_FH_P226,226,Heatwave,,Thurs_SH_231,231,Heatwave,Heatwave-Heatwave
Thurs_FH_P227,227,Heatwave,,Thurs_SC_200,200,Control,Heatwave-Control
Thurs_FH_P228,228,Heatwave,,Thurs_SC_201,201,Control,Heatwave-Control
Thurs_FH_P229,229,Heatwave,,Thurs_SH_232,232,Heatwave,Heatwave-Heatwave
Thurs_FH_P230,230,Heatwave,,Thurs_SC_202,202,Control,Heatwave-Control
Thurs_FH_P231,231,Heatwave,,Thurs_SH_233,233,Heatwave,Heatwave-Heatwave
Thurs_FH_P232,232,Heatwave,,Thurs_SH_234,234,Heatwave,Heatwave-Heatwave
Thurs_FH_P233,233,Heatwave,,Thurs_SC_203,203,Control,Heatwave-Control
Thurs_FH_P234,234,Heatwave,,Thurs_SC_204,204,Control,Heatwave-Control
Thurs_FH_P235,235,Heatwave,,Thurs_SH_235,235,Heatwave,Heatwave-Heatwave
Thurs_FH_P236,236,Heatwave,,Thurs_SC_205,205,Control,Heatwave-Control
Thurs_FH_P237,237,Heatwave,,Thurs_SH_236,236,Heatwave,Heatwave-Heatwave
Thurs_FH_P238,238,Heatwave,,Thurs_SC_206,206,Control,Heatwave-Control
Thurs_FH_P239,239,Heatwave,,Thurs_SH_237,237,Heatwave,Heatwave-Heatwave
Thurs_FH_P240,240,Heatwave,,Thurs_SC_207,207,Control,Heatwave-Control
