spring_plant_ID,spring_pot_num,spring_treatment,leaf_number,wet_leaf_weight,dry_leaf_weight,leaf_area,leaf_thickness
Mon_SC_1,1,Control,1,,,,
Mon_SC_1,1,Control,2,,,,
Mon_SC_2,2,Control,1,0.0286,0.0121,3.31,0.29
Mon_SC_2,2,Control,2,0.005,0.0016,0.79,0.15
Mon_SC_3,3,Control,1,0.0346,0.015,3.57,0.28
Mon_SC_3,3,Control,2,0.0279,0.0115,3.23,0.14
Mon_SC_4,4,Control,1,0.0119,0.0061,1.28,0.16
Mon_SC_4,4,Control,2,0.0156,0.0077,1.34,0.16
Mon_SC_5,5,Control,1,0.0022,0.0009,0.47,0.14
Mon_SC_5,5,Control,2,0.0146,0.0052,1.73,0.11
Mon_SC_6,6,Control,1,0.0158,0.0069,1.71,0.19
Mon_SC_6,6,Control,2,0.0133,0.0049,0.92,0.28
Mon_SC_7,7,Control,1,,,,
Mon_SC_7,7,Control,2,,,,
Mon_SC_8,8,Control,1,0.024,0.0102,1.25,0.15
Mon_SC_8,8,Control,2,0.0141,0.0065,1.58,0.1
Mon_SC_9,9,Control,1,,,,
Mon_SC_9,9,Control,2,,,,
Mon_SC_10,10,Control,1,0.0266,0.0078,2.56,0.15
Mon_SC_10,10,Control,2,0.0105,0.0043,1.17,0.11
Mon_SC_11,11,Control,1,0.0144,0.005,1.36,0.16
Mon_SC_11,11,Control,2,0.0164,0.0041,1.58,0.13
Mon_SC_12,12,Control,1,0.0344,0.0118,2.28,0.13
Mon_SC_12,12,Control,2,0.432,0.0155,4.43,0.21
Mon_SC_13,13,Control,1,0.0497,0.0224,4.91,0.13
Mon_SC_13,13,Control,2,0.061,0.0241,5.56,0.33
Mon_SC_14,14,Control,1,0.0358,0.0162,3.64,0.38
Mon_SC_14,14,Control,2,0.0186,0.0074,1.86,0.22
Mon_SC_15,15,Control,1,,,,
Mon_SC_15,15,Control,2,,,,
Mon_SC_16,16,Control,1,,,,
Mon_SC_16,16,Control,2,,,,
Mon_SC_17,17,Control,1,0.0627,0.0255,5.84,0.23
Mon_SC_17,17,Control,2,0.0513,0.022,4.85,0.19
Mon_SC_18,18,Control,1,0.0317,0.0125,2.86,0.26
Mon_SC_18,18,Control,2,0.0397,0.0191,3.42,0.22
Mon_SC_19,19,Control,1,,,,
Mon_SC_19,19,Control,2,,,,
Mon_SC_20,20,Control,1,0.0292,0.0133,2.88,0.22
Mon_SC_20,20,Control,2,0.031,0.0141,2.63,0.26
Mon_SC_21,21,Control,1,0.0397,0.014,4.53,0.17
Mon_SC_21,21,Control,2,0.0198,0.0087,2.34,0.19
Mon_SC_22,22,Control,1,0.0263,0.0146,3.57,0.24
Mon_SC_22,22,Control,2,0.0094,0.0085,1.33,0.1
Mon_SC_23,23,Control,1,0.0087,0.0032,0.92,0.17
Mon_SC_23,23,Control,2,0.021,0.0042,0.58,0.2
Mon_SC_24,24,Control,1,,,,
Mon_SC_24,24,Control,2,,,,
Mon_SC_25,25,Control,1,0.051,0.0183,5.04,0.2
Mon_SC_25,25,Control,2,0.0406,0.015,3.87,0.19
Mon_SC_26,26,Control,1,0.0424,0.0164,3.57,0.19
Mon_SC_26,26,Control,2,0.0445,0.0136,4.17,0.2
Mon_SC_27,27,Control,1,0.0184,0.0141,2.01,0.1
Mon_SC_27,27,Control,2,0.01,0.0058,0.9,0.13
Mon_SC_28,28,Control,1,0.0264,0.0089,2.47,0.14
Mon_SC_28,28,Control,2,0.023,0.0083,2.24,0.11
Mon_SC_29,29,Control,1,0.0148,0.0083,1.85,0.17
Mon_SC_29,29,Control,2,0.017,0.0073,1.64,0.23
Mon_SH_30,30,Heatwave,1,0.021,0.0095,2.72,0.09
Mon_SH_30,30,Heatwave,2,0.0146,0.0061,1.65,0.09
Mon_SH_31,31,Heatwave,1,0.0057,0.0039,0.9,0.11
Mon_SH_31,31,Heatwave,2,,,,0.09
Mon_SH_32,32,Heatwave,1,,,,
Mon_SH_32,32,Heatwave,2,,,,
Mon_SH_33,33,Heatwave,1,0.0439,0.0187,4.41,0.23
Mon_SH_33,33,Heatwave,2,0.0402,0.0184,3.38,
Mon_SH_34,34,Heatwave,1,0.0206,0.0124,0.99,0.23
Mon_SH_34,34,Heatwave,2,0.0111,0.042,1.08,
Mon_SH_35,35,Heatwave,1,,,,0.1
Mon_SH_35,35,Heatwave,2,,,,
Mon_SH_36,36,Heatwave,1,0.0202,0.0095,2.21,
Mon_SH_36,36,Heatwave,2,0.018,0.0079,2.21,0.1
Mon_SH_37,37,Heatwave,1,0.0151,0.0082,1.66,0.09
Mon_SH_37,37,Heatwave,2,0.0145,0.0078,1.43,0.1
Mon_SH_38,38,Heatwave,1,0.0082,0.0069,0.41,0.11
Mon_SH_38,38,Heatwave,2,,,,0.11
Mon_SH_39,39,Heatwave,1,0.0735,0.0258,7.37,
Mon_SH_39,39,Heatwave,2,0.0105,0.0033,0.87,0.08
Mon_SH_40,40,Heatwave,1,0.0036,0.0023,0.43,0.06
Mon_SH_40,40,Heatwave,2,,,,0.06
Mon_SH_41,41,Heatwave,1,0.009,0.0083,1.26,
Mon_SH_41,41,Heatwave,2,,,,0.05
Mon_SH_42,42,Heatwave,1,0.0222,0.02,3.41,
Mon_SH_42,42,Heatwave,2,,,,0.1
Mon_SH_43,43,Heatwave,1,0.0135,0.0048,1.26,0.1
Mon_SH_43,43,Heatwave,2,0.193,0.0067,1.86,0.08
Mon_SH_44,44,Heatwave,1,0.0045,0.0038,0.85,0.07
Mon_SH_44,44,Heatwave,2,,,,
Mon_SH_45,45,Heatwave,1,,,,
Mon_SH_45,45,Heatwave,2,,,,
Mon_SH_46,46,Heatwave,1,,,,
Mon_SH_46,46,Heatwave,2,,,,
Mon_SH_47,47,Heatwave,1,0.0038,0.0031,0.47,0.05
Mon_SH_47,47,Heatwave,2,0.0047,0.0044,0.88,0.07
Mon_SH_48,48,Heatwave,1,0.0175,0.0156,2.62,0.11
Mon_SH_48,48,Heatwave,2,0.0267,0.0173,2.74,0.1
Mon_SH_49,49,Heatwave,1,0.0273,0.0083,2.63,0.09
Mon_SH_49,49,Heatwave,2,0.0229,0.0071,1.99,0.09
Mon_SH_50,50,Heatwave,1,0.0272,0.0167,2.89,0.08
Mon_SH_50,50,Heatwave,2,0.0616,0.0256,5.86,0.09
Mon_SH_51,51,Heatwave,1,0.0408,0.0205,3.51,0.1
Mon_SH_51,51,Heatwave,2,0.0393,0.0175,3.44,0.08
Mon_SH_52,52,Heatwave,1,,,,
Mon_SH_52,52,Heatwave,2,,,,
Mon_SH_53,53,Heatwave,1,,,,
Mon_SH_53,53,Heatwave,2,,,,
Mon_SH_54,54,Heatwave,1,0.0227,0.0105,2.43,0.09
Mon_SH_54,54,Heatwave,2,0.0447,0.0212,3.77,0.11
Mon_SH_55,55,Heatwave,1,0.0508,0.021,4.2,0.14
Mon_SH_55,55,Heatwave,2,0.0682,0.028,6.17,0.11
Mon_SH_56,56,Heatwave,1,0.0136,0.0102,1.17,0.07
Mon_SH_56,56,Heatwave,2,,,,
Mon_SH_57,57,Heatwave,1,0.0108,0.0057,1.28,0.09
Mon_SH_57,57,Heatwave,2,0.0169,0.0082,2,0.07
Mon_SH_58,58,Heatwave,1,0.0318,0.0268,2.67,0.06
Mon_SH_58,58,Heatwave,2,,,,
Tues_SC_59,59,Control,1,0.0028,0.0012,0.39,0.09
Tues_SC_59,59,Control,2,0.0027,0.0008,0.34,0.02
Tues_SC_60,60,Control,1,0.0149,0.0055,0.88,0.09
Tues_SC_60,60,Control,2,0.0145,0.0024,1.42,0.1
Tues_SC_61,61,Control,1,0.0232,0.0095,2.72,0.08
Tues_SC_61,61,Control,2,0.0259,0.0106,2.34,0.08
Tues_SC_62,62,Control,1,0.0495,0.0144,4.65,0.12
Tues_SC_62,62,Control,2,0.0273,0.0081,2.71,0.11
Tues_SC_63,63,Control,1,,,,
Tues_SC_63,63,Control,2,,,,
Tues_SC_64,64,Control,1,0.0302,0.0115,3.01,0.09
Tues_SC_64,64,Control,2,0.016,0.0061,1.7,0.09
Tues_SC_65,65,Control,1,,,,
Tues_SC_65,65,Control,2,,,,
Tues_SC_66,66,Control,1,0.0874,0.0283,7.34,0.1
Tues_SC_66,66,Control,2,0.0439,0.0163,4.35,0.09
Tues_SC_67,67,Control,1,0.0428,0.0153,3.57,0.09
Tues_SC_67,67,Control,2,0.0704,0.0296,5.83,0.11
Tues_SC_68,68,Control,1,0.0361,0.0123,3.74,0.08
Tues_SC_68,68,Control,2,0.0263,0.0115,2.53,0.11
Tues_SC_69,69,Control,1,0.0299,0.0125,2.5,0.09
Tues_SC_69,69,Control,2,0.0234,0.0096,2.34,0.07
Tues_SC_70,70,Control,1,,,,
Tues_SC_70,70,Control,2,,,,
Tues_SC_71,71,Control,1,0.0556,0.0158,4.73,0.08
Tues_SC_71,71,Control,2,0.0583,0.016,5.36,0.11
Tues_SC_72,72,Control,1,0.0275,0.0137,2.72,0.11
Tues_SC_72,72,Control,2,0.0439,0.0172,3.58,0.1
Tues_SC_73,73,Control,1,,,,
Tues_SC_73,73,Control,2,,,,
Tues_SC_74,74,Control,1,0.0273,0.0154,2.77,0.09
Tues_SC_74,74,Control,2,0.0135,0.0071,1.46,0.09
Tues_SC_75,75,Control,1,,,,
Tues_SC_75,75,Control,2,,,,
Tues_SC_76,76,Control,1,0.0691,0.0297,5.33,0.06
Tues_SC_76,76,Control,2,0.0841,0.0335,8.14,0.07
Tues_SC_77,77,Control,1,0.0622,0.0213,5.33,0.2
Tues_SC_77,77,Control,2,0.0207,0.0083,2.31,0.21
Tues_SC_78,78,Control,1,,,,
Tues_SC_78,78,Control,2,,,,
Tues_SC_79,79,Control,1,0.0328,0.0148,3.51,0.09
Tues_SC_79,79,Control,2,0.0326,0.0153,3.5,0.08
Tues_SC_80,80,Control,1,0.0318,0.0144,3.14,0.08
Tues_SC_80,80,Control,2,0.0233,0.0114,2.07,0.07
Tues_SC_81,81,Control,1,0.0331,0.0127,3.48,0.08
Tues_SC_81,81,Control,2,0.0359,0.0117,3.59,0.09
Tues_SC_82,82,Control,1,0.0279,0.0125,2.99,0.07
Tues_SC_82,82,Control,2,0.0233,0.0103,2.37,0.08
Tues_SC_83,83,Control,1,0.0533,0.0261,4.36,0.09
Tues_SC_83,83,Control,2,0.0748,0.0337,6.04,0.1
Tues_SC_84,84,Control,1,0.021,0.0098,2.02,0.1
Tues_SC_84,84,Control,2,0.0243,0.0119,2.09,0.07
Tues_SC_85,85,Control,1,0.0561,0.0178,6.01,0.09
Tues_SC_85,85,Control,2,0.0308,0.0101,2.98,0.11
Tues_SC_86,86,Control,1,0.0256,0.0112,2.76,0.09
Tues_SC_86,86,Control,2,0.0152,0.006,1.51,0.09
Tues_SC_87,87,Control,1,0.0189,0.0093,2.2,0.09
Tues_SC_87,87,Control,2,0.0151,0.0057,1.44,0.08
Tues_SH_88,88,Heatwave,1,0.0069,0.0025,0.68,0.06
Tues_SH_88,88,Heatwave,2,0.0095,0.0039,0.41,0.06
Tues_SH_89,89,Heatwave,1,0.0155,0.0058,1.67,0.09
Tues_SH_89,89,Heatwave,2,0.0146,0.0051,1.65,0.04
Tues_SH_90,90,Heatwave,1,0.0265,0.0133,2.62,0.09
Tues_SH_90,90,Heatwave,2,0.0493,0.0214,5.1,0.08
Tues_SH_91,91,Heatwave,1,,,,
Tues_SH_91,91,Heatwave,2,,,,
Tues_SH_92,92,Heatwave,1,0.0194,0.0063,2.12,0.05
Tues_SH_92,92,Heatwave,2,,,,
Tues_SH_93,93,Heatwave,1,,,,
Tues_SH_93,93,Heatwave,2,,,,
Tues_SH_94,94,Heatwave,1,,,,
Tues_SH_94,94,Heatwave,2,,,,
Tues_SH_95,95,Heatwave,1,0.0784,0.0337,4.29,0.11
Tues_SH_95,95,Heatwave,2,0.0833,0.0376,7.2,0.13
Tues_SH_96,96,Heatwave,1,0.017,0.0092,1.6,0.09
Tues_SH_96,96,Heatwave,2,0.0079,0.0042,1.06,0.08
Tues_SH_97,97,Heatwave,1,0.0097,0.0047,0.67,0.05
Tues_SH_97,97,Heatwave,2,0.0113,0.0028,0.72,0.06
Tues_SH_98,98,Heatwave,1,,,,
Tues_SH_98,98,Heatwave,2,,,,
Tues_SH_99,99,Heatwave,1,0.0611,0.0217,3.88,0.11
Tues_SH_99,99,Heatwave,2,0.0207,0.0084,2.21,0.1
Tues_SH_100,100,Heatwave,1,,,,
Tues_SH_100,100,Heatwave,2,,,,
Tues_SH_101,101,Heatwave,1,,,,
Tues_SH_101,101,Heatwave,2,,,,
Tues_SH_102,102,Heatwave,1,0.0165,0.009,1.43,0.11
Tues_SH_102,102,Heatwave,2,0.0155,0.0069,1.12,0.14
Tues_SH_103,103,Heatwave,1,0.0052,0.0025,0.21,0.12
Tues_SH_103,103,Heatwave,2,0.019,0.0113,1.07,0.12
Tues_SH_104,104,Heatwave,1,0.026,0.0119,2.83,0.09
Tues_SH_104,104,Heatwave,2,0.0155,0.0069,1.56,0.12
Tues_SH_105,105,Heatwave,1,0.0065,0.0058,0.77,0.13
Tues_SH_105,105,Heatwave,2,0.0036,0.0029,0.46,0.11
Tues_SH_106,106,Heatwave,1,0.0179,0.006,1.72,0.09
Tues_SH_106,106,Heatwave,2,0.0188,0.0059,2.18,0.09
Tues_SH_107,107,Heatwave,1,,,,
Tues_SH_107,107,Heatwave,2,,,,
Tues_SH_108,108,Heatwave,1,,,,
Tues_SH_108,108,Heatwave,2,,,,
Tues_SH_109,109,Heatwave,1,0.0117,0.0093,1.7,0.07
Tues_SH_109,109,Heatwave,2,0.0071,0.0066,0.57,0.09
Tues_SH_110,110,Heatwave,1,0.0073,0.0069,0.7,0.07
Tues_SH_110,110,Heatwave,2,0.0078,0.0065,0.87,0.07
Tues_SH_111,111,Heatwave,1,0.01,0.0086,1.52,0.1
Tues_SH_111,111,Heatwave,2,0.0083,0.0073,1.06,0.08
Tues_SH_112,112,Heatwave,1,0.0234,0.0209,3.32,0.1
Tues_SH_112,112,Heatwave,2,0.0029,0.0025,0.36,0.08
Tues_SH_113,113,Heatwave,1,,,,
Tues_SH_113,113,Heatwave,2,,,,
Tues_SH_114,114,Heatwave,1,0.025,0.0228,3.45,0.14
Tues_SH_114,114,Heatwave,2,0.0199,0.0105,2.11,0.07
Tues_SH_115,115,Heatwave,1,0.005,0.0061,0.51,0.07
Tues_SH_115,115,Heatwave,2,0.0234,0.0041,3.11,0.08
Tues_SH_116,116,Heatwave,1,0.0225,0.0198,2.43,0.08
Tues_SH_116,116,Heatwave,2,0.0391,0.0184,3.59,0.08
Wed_SC_117,117,Control,1,0.0125,0.0099,1.34,0.09
Wed_SC_117,117,Control,2,0.005,0.0026,0.59,0.08
Wed_SC_118,118,Control,1,0.0194,0.0084,1.99,0.1
Wed_SC_118,118,Control,2,0.0323,0.0084,2.67,0.11
Wed_SC_119,119,Control,1,0.0171,0.0098,1.72,0.09
Wed_SC_119,119,Control,2,0.0158,0.0087,1.27,0.1
Wed_SC_120,120,Control,1,,,,
Wed_SC_120,120,Control,2,,,,
Wed_SC_121,121,Control,1,0.0162,0.0124,0.87,0.15
Wed_SC_121,121,Control,2,0.008,0.0051,0.82,0.09
Wed_SC_122,122,Control,1,,,,
Wed_SC_122,122,Control,2,,,,
Wed_SC_123,123,Control,1,0.0242,0.0092,2.23,0.09
Wed_SC_123,123,Control,2,0.0268,0.0137,2.8,0.11
Wed_SC_124,124,Control,1,0.0178,0.0127,1.92,0.1
Wed_SC_124,124,Control,2,0.0124,0.0082,1.05,0.11
Wed_SC_125,125,Control,1,0.0812,0.0458,5.74,0.07
Wed_SC_125,125,Control,2,0.019,0.0092,1.2,0.12
Wed_SC_126,126,Control,1,0.0215,0.0073,1.98,0.09
Wed_SC_126,126,Control,2,0.0206,0.0089,2.58,0.08
Wed_SC_127,127,Control,1,,,,
Wed_SC_127,127,Control,2,,,,
Wed_SC_128,128,Control,1,0.0132,0.0073,1.06,0.09
Wed_SC_128,128,Control,2,0.0189,0.0094,2.03,0.08
Wed_SC_129,129,Control,1,0.0136,0.0081,1.15,0.09
Wed_SC_129,129,Control,2,0.0089,0.0048,0.77,0.07
Wed_SC_130,130,Control,1,0.0131,0.0064,1.13,0.09
Wed_SC_130,130,Control,2,0.0221,0.0089,2.09,0.09
Wed_SC_131,131,Control,1,0.0368,0.0119,3.23,0.11
Wed_SC_131,131,Control,2,0.0071,0.0022,0.69,0.07
Wed_SC_132,132,Control,1,0.0206,0.0154,1.62,0.1
Wed_SC_132,132,Control,2,0.0028,0.0019,0.3,0.1
Wed_SC_133,133,Control,1,0.0267,0.012,2.77,0.09
Wed_SC_133,133,Control,2,0.0082,0.004,0.97,0.07
Wed_SC_134,134,Control,1,0.0355,0.0155,4.03,0.09
Wed_SC_134,134,Control,2,0.0482,0.0199,3.99,0.09
Wed_SC_135,135,Control,1,,,,
Wed_SC_135,135,Control,2,,,,
Wed_SC_136,136,Control,1,0.081,0.0261,6.04,0.1
Wed_SC_136,136,Control,2,0.0405,0.0216,4.42,0.09
Wed_SC_137,137,Control,1,0.0435,0.0207,4.35,0.1
Wed_SC_137,137,Control,2,0.0274,0.0128,2.54,0.09
Wed_SC_138,138,Control,1,0.0766,0.0367,9.21,0.1
Wed_SC_138,138,Control,2,0.0571,0.0288,5.75,0.11
Wed_SC_139,139,Control,1,0.0213,0.0125,2.2,0.09
Wed_SC_139,139,Control,2,0.0201,0.0126,2.62,0.09
Wed_SC_140,140,Control,1,0.0551,0.0191,4.85,0.11
Wed_SC_140,140,Control,2,0.0186,0.0049,1.85,0.1
Wed_SC_141,141,Control,1,,,,
Wed_SC_141,141,Control,2,,,,
Wed_SC_142,142,Control,1,,,,
Wed_SC_142,142,Control,2,,,,
Wed_SC_143,143,Control,1,0.0489,0.0168,5.04,0.11
Wed_SC_143,143,Control,2,0.0635,0.0196,5.18,0.12
Wed_SC_144,144,Control,1,0.0226,0.0095,1.37,0.15
Wed_SC_144,144,Control,2,0.016,0.0065,1.7,0.09
Wed_SC_145,145,Control,1,0.0269,0.0131,2.68,0.1
Wed_SC_145,145,Control,2,0.0271,0.0196,2.32,0.09
Wed_SC_146,146,Control,1,0.0126,0.005,1.29,0.1
Wed_SC_146,146,Control,2,0.0666,0.0149,6.52,0.09
Wed_SC_147,147,Control,1,0.0164,,1.44,0.1
Wed_SC_147,147,Control,2,0.0216,0.0089,2.05,0.1
Wed_SH_148,148,Heatwave,1,,,,
Wed_SH_148,148,Heatwave,2,,,,
Wed_SH_149,149,Heatwave,1,0.0299,0.0129,1.94,0.11
Wed_SH_149,149,Heatwave,2,0.0554,0.0202,5.15,0.11
Wed_SH_150,150,Heatwave,1,0.0164,0.0096,0.97,0.07
Wed_SH_150,150,Heatwave,2,0.0172,0.0108,0.142,0.1
Wed_SH_151,151,Heatwave,1,,,,
Wed_SH_151,151,Heatwave,2,,,,
Wed_SH_152,152,Heatwave,1,0.0285,0.0121,2.96,0.1
Wed_SH_152,152,Heatwave,2,0.0218,0.0089,2.33,0.08
Wed_SH_153,153,Heatwave,1,0.0314,0.0089,2.64,0.11
Wed_SH_153,153,Heatwave,2,0.0237,0.0147,2.32,0.09
Wed_SH_154,154,Heatwave,1,0.0197,0.0096,1.8,0.1
Wed_SH_154,154,Heatwave,2,0.0185,0.0053,1.77,0.1
Wed_SH_155,155,Heatwave,1,0.025,0.0044,2.53,0.12
Wed_SH_155,155,Heatwave,2,0.0208,0.0088,2.12,0.09
Wed_SH_156,156,Heatwave,1,0.0255,0.0069,2.24,0.09
Wed_SH_156,156,Heatwave,2,0.024,0.0088,1.49,0.1
Wed_SH_157,157,Heatwave,1,,,,
Wed_SH_157,157,Heatwave,2,,,,
Wed_SH_158,158,Heatwave,1,0.0248,0.0084,2,0.09
Wed_SH_158,158,Heatwave,2,0.0121,0.0038,1.22,0.1
Wed_SH_159,159,Heatwave,1,0.0419,0.0193,2.7,0.11
Wed_SH_159,159,Heatwave,2,0.0925,0.0453,6.16,0.1
Wed_SH_160,160,Heatwave,1,0.0439,0.0277,3.37,0.12
Wed_SH_160,160,Heatwave,2,0.0257,0.0202,2.57,0.11
Wed_SH_161,161,Heatwave,1,0.0076,0.0038,1.04,0.09
Wed_SH_161,161,Heatwave,2,0.0043,0.0014,0.71,0.07
Wed_SH_162,162,Heatwave,1,,,,
Wed_SH_162,162,Heatwave,2,,,,
Wed_SH_163,163,Heatwave,1,0.0056,0.004,0.31,0.06
Wed_SH_163,163,Heatwave,2,0.0056,0.0037,0.72,0.07
Wed_SH_164,164,Heatwave,1,0.0253,0.0112,2.66,0.08
Wed_SH_164,164,Heatwave,2,0.0135,0.0043,1.22,0.1
Wed_SH_165,165,Heatwave,1,0.0056,0.0053,1.46,0.06
Wed_SH_165,165,Heatwave,2,0.0044,0.0038,0.7,0.08
Wed_SH_166,166,Heatwave,1,0.0537,0.0238,5.25,0.1
Wed_SH_166,166,Heatwave,2,0.0321,0.0169,3.03,0.1
Wed_SH_167,167,Heatwave,1,0.0218,0.0119,2.48,0.1
Wed_SH_167,167,Heatwave,2,0.0119,0.0067,1.2,0.09
Wed_SH_168,168,Heatwave,1,0.0227,0.0119,1.94,0.11
Wed_SH_168,168,Heatwave,2,0.0293,0.0167,2.25,0.07
Wed_SH_169,169,Heatwave,1,0.0064,0.0052,1.09,0.08
Wed_SH_169,169,Heatwave,2,0.0057,0.0046,0.71,0.12
Wed_SH_170,170,Heatwave,1,0.0261,0.0134,2.71,0.1
Wed_SH_170,170,Heatwave,2,0.0185,0.0098,2.19,0.09
Wed_SH_171,171,Heatwave,1,,,,
Wed_SH_171,171,Heatwave,2,,,,
Wed_SH_172,172,Heatwave,1,0.0293,0.0129,2.97,0.1
Wed_SH_172,172,Heatwave,2,0.0257,0.0119,2.42,0.1
Wed_SH_173,173,Heatwave,1,0.0162,0.0135,2.17,0.07
Wed_SH_173,173,Heatwave,2,0.0098,0.0085,1.06,0.06
Wed_SH_174,174,Heatwave,1,0.0091,0.008,1.92,0.07
Wed_SH_174,174,Heatwave,2,0.0079,0.0072,1.34,0.06
Wed_SH_175,175,Heatwave,1,,,,
Wed_SH_175,175,Heatwave,2,,,,
Wed_SH_176,176,Heatwave,1,0.0503,0.0214,4.96,0.11
Wed_SH_176,176,Heatwave,2,0.0607,0.0281,5.16,0.12
Wed_SH_177,177,Heatwave,1,0.0108,0.0097,1.67,0.07
Wed_SH_177,177,Heatwave,2,0.0163,0.0117,1.88,0.07
Thurs_SC_178,178,Control,1,,,,
Thurs_SC_178,178,Control,2,,,,
Thurs_SC_179,179,Control,1,0.0499,0.0181,5.43,0.09
Thurs_SC_179,179,Control,2,0.0217,0.0088,2.27,0.09
Thurs_SC_180,180,Control,1,0.0505,0.0215,5.05,0.1
Thurs_SC_180,180,Control,2,0.0386,0.0156,3.43,0.11
Thurs_SC_181,181,Control,1,0.0553,0.0204,4.7,0.1
Thurs_SC_181,181,Control,2,0.0885,0.0312,6.94,0.12
Thurs_SC_182,182,Control,1,0.0442,0.0191,4.48,0.1
Thurs_SC_182,182,Control,2,0.0392,0.0156,3.82,0.1
Thurs_SC_183,183,Control,1,0.0222,0.0117,2.31,0.1
Thurs_SC_183,183,Control,2,0.0211,0.0085,1.41,0.09
Thurs_SC_184,184,Control,1,,,,
Thurs_SC_184,184,Control,2,,,,
Thurs_SC_185,185,Control,1,0.0142,0.0107,1.71,0.08
Thurs_SC_185,185,Control,2,0.0196,0.0122,2.08,0.1
Thurs_SC_186,186,Control,1,0.0396,0.0189,3.68,0.11
Thurs_SC_186,186,Control,2,0.0298,0.0128,2.79,0.11
Thurs_SC_187,187,Control,1,0.0274,0.0168,3.3,0.1
Thurs_SC_187,187,Control,2,0.047,0.0157,4.47,0.1
Thurs_SC_188,188,Control,1,0.0667,0.0281,6.56,0.11
Thurs_SC_188,188,Control,2,0.0559,0.0238,5.27,0.11
Thurs_SC_189,189,Control,1,,,,
Thurs_SC_189,189,Control,2,,,,
Thurs_SC_190,190,Control,1,0.0117,0.0031,1.99,0.07
Thurs_SC_190,190,Control,2,0.0127,0.0033,1.19,0.12
Thurs_SC_191,191,Control,1,0.0208,0.008,0.94,0.1
Thurs_SC_191,191,Control,2,0.0365,0.0133,2.67,0.1
Thurs_SC_192,192,Control,1,0.0502,0.0218,4.34,0.1
Thurs_SC_192,192,Control,2,0.0302,0.0138,3.13,0.09
Thurs_SC_193,193,Control,1,0.0168,0.0211,5.66,0.1
Thurs_SC_193,193,Control,2,0.0146,0.0143,1.39,0.09
Thurs_SC_194,194,Control,1,,0.0088,,
Thurs_SC_194,194,Control,2,,0.0093,,
Thurs_SC_195,195,Control,1,0.0446,0.0276,3.41,0.07
Thurs_SC_195,195,Control,2,0.0068,0.0028,0.97,0.04
Thurs_SC_196,196,Control,1,0.011,0.0052,0.83,0.06
Thurs_SC_196,196,Control,2,0.0153,0.0078,1.7,0.04
Thurs_SC_197,197,Control,1,,,,
Thurs_SC_197,197,Control,2,,,,
Thurs_SC_198,198,Control,1,0.0052,0.0007,0.25,0.01
Thurs_SC_198,198,Control,2,,,,
Thurs_SC_199,199,Control,1,0.0212,0.0195,2.08,0.09
Thurs_SC_199,199,Control,2,0.0178,0.0083,1.68,0.06
Thurs_SC_200,200,Control,1,0.0349,0.0201,2.77,0.07
Thurs_SC_200,200,Control,2,0.0316,0.0157,3.33,0.07
Thurs_SC_201,201,Control,1,0.0198,0.0111,2.04,0.01
Thurs_SC_201,201,Control,2,0.0168,0.0093,2.07,0.04
Thurs_SC_202,202,Control,1,0.0232,0.0102,2.09,0.03
Thurs_SC_202,202,Control,2,0.0097,0.005,1.1,0.05
Thurs_SC_203,203,Control,1,0.0276,0.0098,2.44,0.04
Thurs_SC_203,203,Control,2,0.0535,0.0165,5.32,0.06
Thurs_SC_204,204,Control,1,0.051,0.0202,4.01,0.03
Thurs_SC_204,204,Control,2,0.0259,0.0096,2.41,0.03
Thurs_SC_205,205,Control,1,0.0071,0.0053,1.19,0.06
Thurs_SC_205,205,Control,2,0.0117,0.0097,0.97,0.07
Thurs_SC_206,206,Control,1,,,,
Thurs_SC_206,206,Control,2,,,,
Thurs_SC_207,207,Control,1,0.0154,0.0096,1.33,0.09
Thurs_SC_207,207,Control,2,0.0252,0.0122,1.79,0.1
Thurs_SH_208,208,Heatwave,1,,,,
Thurs_SH_208,208,Heatwave,2,,,,
Thurs_SH_209,209,Heatwave,1,,,,
Thurs_SH_209,209,Heatwave,2,,,,
Thurs_SH_210,210,Heatwave,1,,,,
Thurs_SH_210,210,Heatwave,2,,,,
Thurs_SH_211,211,Heatwave,1,0.0323,0.0279,3.8,0.07
Thurs_SH_211,211,Heatwave,2,0.0135,0.0112,1.44,0.21
Thurs_SH_212,212,Heatwave,1,0.0261,0.0192,3.54,0.23
Thurs_SH_212,212,Heatwave,2,0.0343,0.0211,2.61,0.17
Thurs_SH_213,213,Heatwave,1,0.0621,0.0235,4.99,0.14
Thurs_SH_213,213,Heatwave,2,0.036,0.0161,3.61,0.17
Thurs_SH_214,214,Heatwave,1,0.0337,0.0144,3.19,0.11
Thurs_SH_214,214,Heatwave,2,0.0364,0.0154,3.87,0.14
Thurs_SH_215,215,Heatwave,1,0.0213,0.0177,2.88,0.15
Thurs_SH_215,215,Heatwave,2,0.0174,0.0153,2.8,0.29
Thurs_SH_216,216,Heatwave,1,0.0209,0.0098,2.07,0.13
Thurs_SH_216,216,Heatwave,2,0.0166,0.0079,1.96,0.17
Thurs_SH_217,217,Heatwave,1,0.0205,0.0131,1.98,0.12
Thurs_SH_217,217,Heatwave,2,0.0295,0.019,2.31,0.11
Thurs_SH_218,218,Heatwave,1,0.0192,0.0163,3.59,0.1
Thurs_SH_218,218,Heatwave,2,0.0104,0.0084,1.63,0.14
Thurs_SH_219,219,Heatwave,1,0.0455,0.0244,4.54,0.24
Thurs_SH_219,219,Heatwave,2,0.0156,0.0084,1.63,0.21
Thurs_SH_220,220,Heatwave,1,,,,
Thurs_SH_220,220,Heatwave,2,,,,
Thurs_SH_221,221,Heatwave,1,0.0721,0.0242,6.03,0.15
Thurs_SH_221,221,Heatwave,2,0.0467,0.0187,3.95,0.19
Thurs_SH_222,222,Heatwave,1,0.0261,0.021,3.13,0.12
Thurs_SH_222,222,Heatwave,2,0.0259,0.0185,2.16,0.14
Thurs_SH_223,223,Heatwave,1,,,,
Thurs_SH_223,223,Heatwave,2,,,,
Thurs_SH_224,224,Heatwave,1,,,,
Thurs_SH_224,224,Heatwave,2,,,,
Thurs_SH_225,225,Heatwave,1,,,,
Thurs_SH_225,225,Heatwave,2,,,,
Thurs_SH_226,226,Heatwave,1,0.0103,0.0094,1.33,0.16
Thurs_SH_226,226,Heatwave,2,0.0166,0.013,2.39,0.18
Thurs_SH_227,227,Heatwave,1,,,,
Thurs_SH_227,227,Heatwave,2,,,,
Thurs_SH_228,228,Heatwave,1,0.029,0.0129,2.74,0.21
Thurs_SH_228,228,Heatwave,2,0.0224,0.011,1.93,0.15
Thurs_SH_229,229,Heatwave,1,,,,
Thurs_SH_229,229,Heatwave,2,,,,
Thurs_SH_230,230,Heatwave,1,0.048,0.0238,4.32,0.22
Thurs_SH_230,230,Heatwave,2,0.0415,0.0188,3.78,0.23
Thurs_SH_231,231,Heatwave,1,,,,
Thurs_SH_231,231,Heatwave,2,,,,
Thurs_SH_232,232,Heatwave,1,,,,
Thurs_SH_232,232,Heatwave,2,,,,
Thurs_SH_233,233,Heatwave,1,,,,
Thurs_SH_233,233,Heatwave,2,,,,
Thurs_SH_234,234,Heatwave,1,0.0102,0.0059,1.1,0.15
Thurs_SH_234,234,Heatwave,2,0.0089,0.0072,1,0.14
Thurs_SH_235,235,Heatwave,1,0.0072,0.006,0.91,0.12
Thurs_SH_235,235,Heatwave,2,0.0044,0.0033,0.52,0.07
Thurs_SH_236,236,Heatwave,1,,,,
Thurs_SH_236,236,Heatwave,2,,,,
Thurs_SH_237,237,Heatwave,1,0.0134,0.0119,2.15,0.14
Thurs_SH_237,237,Heatwave,2,0.0157,0.0143,1.9,0.17
